[
  {
    "id": 1,
    "image": "/assets/img/blog/blog-1.jpg",
    "category": ["lifestyle", "men"],
    "title": "A guide to latest trends",
    "url": "/blog-details",
    "author": "Admin",
    "authorUrl": "/blog-standard"
  },
  {
    "id": 2,
    "image": "/assets/img/blog/blog-2.jpg",
    "category": ["lifestyle"],
    "title": "Five ways to lead a happy life",
    "url": "/blog-details",
    "author": "Admin",
    "authorUrl": "/blog-standard"
  },
  {
    "id": 3,
    "image": "/assets/img/blog/blog-3.jpg",
    "category": ["lifestyle"],
    "title": "Tips on having a happy life",
    "url": "/blog-details",
    "author": "Admin",
    "authorUrl": "/blog-standard"
  }
]
